trial,person,expected,correct,ms,date
0,p0,self,1,3002,2026-08-20
1,p1,self,1,1926,2026-08-20
2,p2,self,1,1999,2026-08-20
3,p3,self,1,2193,2026-08-20
4,p4,self,1,2097,2026-08-20
5,p0,self,1,2227,2026-08-20
6,p1,self,1,2913,2026-08-20
7,p2,self,1,1523,2026-08-20
8,p3,self,1,3222,2026-08-20
9,p4,self,1,2969,2026-08-20
10,p0,self,1,3788,2026-08-20
11,p1,self,1,3439,2026-08-20
12,p2,self,0,2626,2026-08-20
13,p3,self,1,3382,2026-08-20
14,p4,self,1,2180,2026-08-20
15,p0,other,1,1409,2026-08-20
16,p1,other,1,2357,2026-08-20
17,p2,other,1,3544,2026-08-20
18,p3,other,1,2214,2026-08-20
19,p4,other,1,3569,2026-08-20
