id,userId,game,startTime,endTime,reps,accuracy,score,maxSpreadDeg
s0,DEMO-u1,star-portal,1756700000000.0,1756700180000.0,27,0.93,270,
s1,DEMO-u1,rhythm-tap,1756743200000.0,1756743380000.0,28,0.94,280,
s2,DEMO-u1,spread-wall,1756786400000.0,1756786580000.0,30,0.88,300,29.1
s3,DEMO-u1,star-portal,1756829600000.0,1756829780000.0,20,0.89,200,
s4,DEMO-u1,rhythm-tap,1756872800000.0,1756872980000.0,16,0.85,160,
s5,DEMO-u1,spread-wall,1756916000000.0,1756916180000.0,22,0.93,220,35.4
s6,DEMO-u1,star-portal,1756959200000.0,1756959380000.0,29,0.94,290,
s7,DEMO-u1,rhythm-tap,1757002400000.0,1757002580000.0,21,0.87,210,
s8,DEMO-u1,spread-wall,1757045600000.0,1757045780000.0,25,0.85,250,37.9
s9,DEMO-u1,star-portal,1757088800000.0,1757088980000.0,20,0.92,200,
s10,DEMO-u1,rhythm-tap,1757132000000.0,1757132180000.0,21,0.71,210,
s11,DEMO-u1,spread-wall,1757175200000.0,1757175380000.0,27,0.9,270,40.0
s12,DEMO-u1,star-portal,1757218400000.0,1757218580000.0,30,0.79,300,
s13,DEMO-u1,rhythm-tap,1757261600000.0,1757261780000.0,22,0.82,220,
s14,DEMO-u1,spread-wall,1757304800000.0,1757304980000.0,16,0.8,160,45.6
