machine,scenario,avgFps,minFps,aiMs,date
DEMO-Notebook-i5,camera-only,50.7,40.6,0,2026-09-05
DEMO-Notebook-i5,face,30.5,24.4,14.3,2026-09-05
DEMO-Notebook-i5,hand-simple,29.0,23.2,15.4,2026-09-05
DEMO-Notebook-i5,hand-neon,26.3,21.0,14.7,2026-09-05
DEMO-Notebook-i5,hand-trail,26.3,21.0,15.8,2026-09-05
DEMO-Notebook-i5,full-game,23.5,18.8,17.8,2026-09-05
DEMO-Desktop-lab,camera-only,43.1,34.5,0,2026-09-05
DEMO-Desktop-lab,face,26.3,21.0,19.7,2026-09-05
DEMO-Desktop-lab,hand-simple,24.6,19.7,19.8,2026-09-05
DEMO-Desktop-lab,hand-neon,23.2,18.6,22.0,2026-09-05
DEMO-Desktop-lab,hand-trail,21.6,17.3,22.5,2026-09-05
DEMO-Desktop-lab,full-game,20.6,16.5,21.9,2026-09-05
DEMO-Old-PC,camera-only,22.9,18.3,0,2026-09-05
DEMO-Old-PC,face,13.5,10.8,49.5,2026-09-05
DEMO-Old-PC,hand-simple,11.7,9.4,52.6,2026-09-05
DEMO-Old-PC,hand-neon,11.8,9.4,54.2,2026-09-05
DEMO-Old-PC,hand-trail,12.0,9.6,56.1,2026-09-05
DEMO-Old-PC,full-game,11.3,9.0,57.4,2026-09-05
