participant,date,task,task_th,outcome,seconds,note,demo
DEMO-P01,2026-09-12,T1,,alone,155,,yes
DEMO-P01,2026-09-12,T2,,fail,44,,yes
DEMO-P01,2026-09-12,T3,,alone,199,,yes
DEMO-P01,2026-09-12,T4,,alone,114,,yes
DEMO-P01,2026-09-12,T5,,help,95,,yes
DEMO-P01,2026-09-12,T6,,help,191,,yes
DEMO-P01,2026-09-12,T7,,help,87,,yes
DEMO-P01,2026-09-12,T8,,alone,106,,yes
DEMO-P02,2026-09-12,T1,,help,157,,yes
DEMO-P02,2026-09-12,T2,,alone,190,,yes
DEMO-P02,2026-09-12,T3,,alone,110,,yes
DEMO-P02,2026-09-12,T4,,alone,95,,yes
DEMO-P02,2026-09-12,T5,,help,164,,yes
DEMO-P02,2026-09-12,T6,,help,185,,yes
DEMO-P02,2026-09-12,T7,,alone,181,,yes
DEMO-P02,2026-09-12,T8,,alone,114,,yes
DEMO-P03,2026-09-12,T1,,help,187,,yes
DEMO-P03,2026-09-12,T2,,alone,47,,yes
DEMO-P03,2026-09-12,T3,,fail,56,,yes
DEMO-P03,2026-09-12,T4,,fail,185,,yes
DEMO-P03,2026-09-12,T5,,help,172,,yes
DEMO-P03,2026-09-12,T6,,alone,96,,yes
DEMO-P03,2026-09-12,T7,,alone,137,,yes
DEMO-P03,2026-09-12,T8,,alone,65,,yes
DEMO-P04,2026-09-12,T1,,help,47,,yes
DEMO-P04,2026-09-12,T2,,help,161,,yes
DEMO-P04,2026-09-12,T3,,alone,120,,yes
DEMO-P04,2026-09-12,T4,,alone,88,,yes
DEMO-P04,2026-09-12,T5,,alone,33,,yes
DEMO-P04,2026-09-12,T6,,help,30,,yes
DEMO-P04,2026-09-12,T7,,alone,89,,yes
DEMO-P04,2026-09-12,T8,,alone,151,,yes
DEMO-P05,2026-09-12,T1,,alone,105,,yes
DEMO-P05,2026-09-12,T2,,fail,134,,yes
DEMO-P05,2026-09-12,T3,,alone,37,,yes
DEMO-P05,2026-09-12,T4,,alone,48,,yes
DEMO-P05,2026-09-12,T5,,alone,171,,yes
DEMO-P05,2026-09-12,T6,,alone,48,,yes
DEMO-P05,2026-09-12,T7,,alone,48,,yes
DEMO-P05,2026-09-12,T8,,alone,68,,yes
