sample_id,gesture,person,source,x0,y0,z0,x1,y1,z1,x2,y2,z2,x3,y3,z3,x4,y4,z4,x5,y5,z5,x6,y6,z6,x7,y7,z7,x8,y8,z8,x9,y9,z9,x10,y10,z10,x11,y11,z11,x12,y12,z12,x13,y13,z13,x14,y14,z14,x15,y15,z15,x16,y16,z16,x17,y17,z17,x18,y18,z18,x19,y19,z19,x20,y20,z20
1,pinch,P1,synthetic,0.5513,0.6731,0,0.5034,0.6326,0,0.4593,0.5949,0,0.4134,0.5581,0,0.4453,0.307,0,0.4822,0.4901,0,0.4636,0.4012,0,0.453,0.3485,0,0.446,0.3095,0,0.5326,0.4775,0,0.524,0.382,0,0.5203,0.3216,0,0.5176,0.273,0,0.5731,0.4883,0,0.5818,0.3978,0,0.5826,0.3427,0,0.5872,0.3001,0,0.6162,0.5066,0,0.6303,0.4404,0,0.6401,0.3954,0,0.6484,0.3577,0
2,pinch,P2,synthetic,0.4096,0.7958,0,0.3558,0.7546,0,0.3078,0.7128,0,0.2591,0.672,0,0.2963,0.3992,0,0.3359,0.5966,0,0.3151,0.502,0,0.3018,0.4471,0,0.2924,0.4011,0,0.3883,0.5863,0,0.3785,0.4828,0,0.3764,0.415,0,0.3731,0.3615,0,0.4342,0.5974,0,0.4414,0.4994,0,0.4424,0.4364,0,0.4479,0.3906,0,0.4769,0.6173,0,0.4917,0.5438,0,0.5043,0.4973,0,0.5117,0.4547,0
3,pinch,P3,synthetic,0.5211,0.6278,0,0.469,0.59,0,0.4252,0.551,0,0.3788,0.5126,0,0.4109,0.2543,0,0.449,0.4389,0,0.4331,0.3508,0,0.4208,0.297,0,0.4109,0.2552,0,0.5012,0.4318,0,0.4913,0.3295,0,0.4874,0.2681,0,0.4852,0.2183,0,0.5431,0.4392,0,0.5513,0.3476,0,0.5536,0.2891,0,0.5574,0.2463,0,0.5862,0.4593,0,0.601,0.3889,0,0.6076,0.3447,0,0.6194,0.3059,0
4,pinch,P4,synthetic,0.4645,0.6797,0,0.4079,0.6367,0,0.3557,0.591,0,0.3029,0.549,0,0.3396,0.2545,0,0.3838,0.4673,0,0.3627,0.3652,0,0.3478,0.3028,0,0.3405,0.2567,0,0.4389,0.4547,0,0.4333,0.3431,0,0.4294,0.2689,0,0.4237,0.2148,0,0.4913,0.4666,0,0.4973,0.3627,0,0.5007,0.2919,0,0.5062,0.2428,0,0.5363,0.4892,0,0.5564,0.4099,0,0.565,0.3589,0,0.5735,0.3133,0
5,pinch,P1,synthetic,0.5514,0.6778,0,0.5079,0.638,0,0.4644,0.6021,0,0.4226,0.5702,0,0.4545,0.3316,0,0.4885,0.5002,0,0.4729,0.4203,0,0.4612,0.3688,0,0.4537,0.3308,0,0.535,0.4907,0,0.5274,0.3988,0,0.5241,0.3426,0,0.5191,0.2988,0,0.5742,0.5024,0,0.581,0.4166,0,0.5834,0.3603,0,0.5864,0.32,0,0.615,0.5188,0,0.629,0.4568,0,0.6353,0.413,0,0.6421,0.3772,0
6,pinch,P2,synthetic,0.488,0.7062,0,0.4331,0.6617,0,0.3842,0.6213,0,0.3325,0.5782,0,0.3694,0.2949,0,0.4108,0.4976,0,0.3916,0.4015,0,0.3806,0.3407,0,0.3699,0.2918,0,0.4658,0.4859,0,0.4584,0.3752,0,0.4556,0.3048,0,0.4494,0.2521,0,0.5147,0.4987,0,0.5237,0.3963,0,0.5284,0.3325,0,0.5329,0.2819,0,0.5616,0.5194,0,0.5789,0.443,0,0.5882,0.3935,0,0.5996,0.3491,0
7,pinch,P3,synthetic,0.4103,0.6679,0,0.3526,0.6246,0,0.3011,0.5804,0,0.2512,0.5372,0,0.2894,0.2521,0,0.3324,0.4605,0,0.3099,0.3601,0,0.297,0.2997,0,0.2885,0.2519,0,0.3873,0.4494,0,0.3785,0.3383,0,0.3739,0.2692,0,0.3719,0.2153,0,0.434,0.4597,0,0.4405,0.359,0,0.4481,0.2911,0,0.449,0.2419,0,0.4834,0.4823,0,0.4959,0.4022,0,0.509,0.3549,0,0.5169,0.3097,0
8,pinch,P4,synthetic,0.4489,0.6697,0,0.4055,0.6356,0,0.3633,0.601,0,0.3252,0.5655,0,0.3545,0.3367,0,0.3859,0.5036,0,0.3717,0.4254,0,0.3581,0.3769,0,0.3505,0.3378,0,0.4306,0.4924,0,0.4252,0.4056,0,0.4228,0.3492,0,0.4161,0.3072,0,0.4688,0.5038,0,0.4766,0.4209,0,0.4785,0.3681,0,0.481,0.3277,0,0.5076,0.5193,0,0.5183,0.4557,0,0.5295,0.4175,0,0.5356,0.3846,0
9,pinch,P1,synthetic,0.4975,0.7973,0,0.4531,0.7627,0,0.4148,0.7321,0,0.376,0.698,0,0.4053,0.4827,0,0.4387,0.6385,0,0.4221,0.5632,0,0.4121,0.5169,0,0.404,0.4837,0,0.477,0.6295,0,0.4731,0.5446,0,0.4702,0.4944,0,0.4652,0.4517,0,0.5168,0.6373,0,0.5217,0.5632,0,0.5255,0.512,0,0.528,0.475,0,0.5503,0.6537,0,0.5643,0.5969,0,0.5718,0.5592,0,0.5774,0.5249,0
10,pinch,P2,synthetic,0.5949,0.7738,0,0.5577,0.7417,0,0.5201,0.7125,0,0.4854,0.6842,0,0.5105,0.4798,0,0.5408,0.626,0,0.5254,0.5553,0,0.5151,0.5146,0,0.5111,0.4811,0,0.5794,0.6164,0,0.5725,0.5384,0,0.5705,0.4896,0,0.5678,0.4517,0,0.6132,0.6265,0,0.6181,0.5553,0,0.6205,0.5081,0,0.6242,0.4748,0,0.6482,0.6412,0,0.6593,0.5878,0,0.6675,0.5529,0,0.6724,0.5194,0
11,pinch,P3,synthetic,0.4233,0.6872,0,0.3725,0.6466,0,0.3221,0.6041,0,0.2745,0.566,0,0.3111,0.2909,0,0.3494,0.4879,0,0.3315,0.3945,0,0.3199,0.3385,0,0.3094,0.2931,0,0.4048,0.4777,0,0.3966,0.3721,0,0.3915,0.3043,0,0.3866,0.2548,0,0.4479,0.4888,0,0.4565,0.391,0,0.4592,0.3259,0,0.4647,0.2816,0,0.4937,0.5073,0,0.5088,0.4357,0,0.5196,0.3882,0,0.5281,0.3459,0
12,pinch,P4,synthetic,0.4622,0.7507,0,0.4138,0.713,0,0.3663,0.6719,0,0.3213,0.6349,0,0.3565,0.3773,0,0.3918,0.5636,0,0.3733,0.4763,0,0.3609,0.4203,0,0.3535,0.3754,0,0.4431,0.5526,0,0.4359,0.4528,0,0.4325,0.3908,0,0.4257,0.3419,0,0.4876,0.5614,0,0.4914,0.4704,0,0.4975,0.4095,0,0.5009,0.3686,0,0.5294,0.5802,0,0.5428,0.5129,0,0.5515,0.4674,0,0.5601,0.4273,0
13,fist,P1,synthetic,0.5634,0.6603,0,0.5161,0.6209,0,0.4807,0.5949,-0.0326,0.4676,0.5841,-0.0854,0.4801,0.5949,-0.1383,0.4981,0.4816,0,0.4926,0.4703,-0.082,0.5058,0.5155,-0.0998,0.5071,0.537,-0.0645,0.5423,0.4733,0,0.5426,0.4575,-0.0911,0.5472,0.5149,-0.1114,0.5464,0.5347,-0.0729,0.5862,0.4826,0,0.5857,0.4669,-0.0838,0.5808,0.5213,-0.1028,0.5808,0.5422,-0.0676,0.6231,0.5009,0,0.6258,0.4906,-0.0656,0.6161,0.5314,-0.0802,0.6115,0.5471,-0.0481
14,fist,P2,synthetic,0.4769,0.6834,0,0.4315,0.6472,0,0.3941,0.617,-0.0323,0.3838,0.6054,-0.0845,0.3952,0.6168,-0.1367,0.41,0.5072,0,0.4099,0.4949,-0.0811,0.4188,0.5396,-0.0987,0.4221,0.5615,-0.0638,0.4566,0.5006,0,0.4564,0.4837,-0.0901,0.4612,0.5371,-0.1102,0.4631,0.5585,-0.0721,0.4964,0.5088,0,0.4969,0.4926,-0.0829,0.4947,0.5438,-0.1017,0.4914,0.5643,-0.0668,0.5348,0.5257,0,0.5388,0.5133,-0.0649,0.53,0.5541,-0.0793,0.5256,0.571,-0.0476
15,fist,P3,synthetic,0.5124,0.7021,0,0.4729,0.669,0,0.4391,0.6434,-0.0285,0.4312,0.6314,-0.0747,0.4424,0.6435,-0.1209,0.4538,0.5478,0,0.4512,0.5329,-0.0717,0.4609,0.5766,-0.0872,0.4669,0.5941,-0.0564,0.4935,0.5368,0,0.4947,0.5264,-0.0797,0.4996,0.5725,-0.0974,0.4994,0.5927,-0.0638,0.5306,0.5486,0,0.5338,0.5334,-0.0733,0.5276,0.5775,-0.0899,0.5265,0.5976,-0.0591,0.5661,0.5624,0,0.5668,0.5531,-0.0574,0.5606,0.5884,-0.0701,0.5566,0.6032,-0.0421
16,fist,P4,synthetic,0.5679,0.7653,0,0.5146,0.7253,0,0.4806,0.6934,-0.0355,0.4647,0.683,-0.093,0.479,0.6957,-0.1505,0.4959,0.5771,0,0.4942,0.5594,-0.0893,0.5036,0.6108,-0.1085,0.5093,0.635,-0.0702,0.5455,0.5668,0,0.5472,0.5479,-0.0992,0.5488,0.6075,-0.1212,0.5509,0.632,-0.0794,0.5916,0.5741,0,0.5925,0.5583,-0.0912,0.5892,0.6176,-0.1119,0.5881,0.6399,-0.0735,0.635,0.5948,0,0.6357,0.5816,-0.0714,0.628,0.626,-0.0873,0.6206,0.6451,-0.0524
17,fist,P1,synthetic,0.5442,0.6099,0,0.4945,0.5708,0,0.4531,0.5392,-0.0368,0.4404,0.5247,-0.0962,0.4538,0.5358,-0.1557,0.4715,0.4138,0,0.47,0.397,-0.0924,0.4786,0.4519,-0.1124,0.483,0.4723,-0.0726,0.5259,0.4035,0,0.5238,0.3859,-0.1027,0.5258,0.4468,-0.1255,0.5306,0.4742,-0.0821,0.5702,0.414,0,0.5723,0.3964,-0.0944,0.5681,0.4543,-0.1158,0.564,0.4779,-0.0761,0.6145,0.4337,0,0.6178,0.4236,-0.0739,0.6086,0.4648,-0.0903,0.6024,0.4882,-0.0542
18,fist,P2,synthetic,0.5509,0.6115,0,0.4993,0.5682,0,0.4571,0.5365,-0.0386,0.4417,0.5209,-0.1011,0.4575,0.535,-0.1635,0.4743,0.404,0,0.4703,0.3905,-0.097,0.4855,0.4443,-0.118,0.4895,0.47,-0.0763,0.5321,0.3934,0,0.5272,0.3766,-0.1078,0.5325,0.4399,-0.1317,0.5357,0.4664,-0.0862,0.5786,0.4061,0,0.5813,0.3873,-0.0992,0.5762,0.4507,-0.1216,0.5751,0.4716,-0.0799,0.6241,0.4259,0,0.6281,0.4127,-0.0776,0.6193,0.4615,-0.0948,0.6125,0.4821,-0.0569
19,fist,P3,synthetic,0.4021,0.6109,0,0.3549,0.5744,0,0.322,0.544,-0.032,0.3073,0.5364,-0.0839,0.3197,0.547,-0.1357,0.3388,0.4373,0,0.3325,0.4234,-0.0805,0.3441,0.471,-0.0979,0.3485,0.4895,-0.0633,0.3827,0.4273,0,0.3797,0.414,-0.0895,0.3836,0.4668,-0.1094,0.3889,0.4879,-0.0716,0.4236,0.4377,0,0.4246,0.4218,-0.0823,0.4206,0.4728,-0.101,0.4174,0.4933,-0.0663,0.4618,0.4582,0,0.4641,0.4463,-0.0644,0.4544,0.4846,-0.0787,0.4508,0.5013,-0.0472
20,fist,P4,synthetic,0.5004,0.628,0,0.4538,0.5905,0,0.4199,0.5596,-0.0328,0.4054,0.5511,-0.086,0.4202,0.5613,-0.1391,0.4356,0.4495,0,0.4335,0.4375,-0.0825,0.4418,0.485,-0.1004,0.4461,0.5032,-0.0649,0.4824,0.4415,0,0.4804,0.4249,-0.0917,0.4847,0.4828,-0.1121,0.4892,0.5029,-0.0734,0.5254,0.45,0,0.5267,0.4338,-0.0844,0.5206,0.4877,-0.1035,0.5218,0.5069,-0.068,0.5649,0.4689,0,0.5653,0.4587,-0.066,0.5592,0.4973,-0.0807,0.553,0.5159,-0.0484
21,fist,P1,synthetic,0.59,0.6215,0,0.5498,0.5913,0,0.5234,0.5699,-0.0273,0.5113,0.559,-0.0715,0.5243,0.5668,-0.1157,0.5352,0.4777,0,0.5316,0.4626,-0.0686,0.54,0.5027,-0.0835,0.5447,0.5206,-0.054,0.5747,0.4691,0,0.5724,0.4567,-0.0763,0.5777,0.5013,-0.0932,0.5764,0.5207,-0.061,0.6091,0.4768,0,0.6089,0.4621,-0.0702,0.6068,0.5081,-0.0861,0.6044,0.523,-0.0565,0.6391,0.4918,0,0.6432,0.4828,-0.0549,0.6362,0.5163,-0.0671,0.6347,0.532,-0.0403
22,fist,P2,synthetic,0.5806,0.7082,0,0.5306,0.6688,0,0.4919,0.6382,-0.0357,0.4774,0.6264,-0.0935,0.4926,0.6391,-0.1513,0.5086,0.516,0,0.5062,0.5015,-0.0898,0.5184,0.5528,-0.1092,0.5219,0.5756,-0.0706,0.5609,0.5085,0,0.5573,0.4907,-0.0998,0.5627,0.5496,-0.1219,0.5626,0.5749,-0.0798,0.6023,0.5174,0,0.6054,0.501,-0.0918,0.6027,0.5582,-0.1126,0.5998,0.5819,-0.074,0.6484,0.5362,0,0.6481,0.5247,-0.0718,0.6403,0.5683,-0.0878,0.6366,0.5862,-0.0527
23,fist,P3,synthetic,0.421,0.6644,0,0.3816,0.6337,0,0.3553,0.6065,-0.0277,0.3437,0.5992,-0.0725,0.355,0.6053,-0.1172,0.3694,0.514,0,0.3664,0.5035,-0.0696,0.375,0.5417,-0.0846,0.3778,0.5597,-0.0547,0.4053,0.5047,0,0.4066,0.4924,-0.0773,0.4072,0.5407,-0.0945,0.41,0.5601,-0.0618,0.4399,0.5142,0,0.4439,0.5016,-0.0711,0.4375,0.5471,-0.0872,0.4397,0.5638,-0.0573,0.4757,0.5313,0,0.4759,0.522,-0.0556,0.4687,0.5521,-0.068,0.4641,0.5681,-0.0408
24,fist,P4,synthetic,0.4114,0.6521,0,0.3666,0.615,0,0.3296,0.5868,-0.032,0.3201,0.5742,-0.0837,0.3308,0.5851,-0.1354,0.3479,0.4796,0,0.3454,0.4666,-0.0803,0.3528,0.5115,-0.0977,0.358,0.5329,-0.0631,0.3935,0.4686,0,0.3928,0.4553,-0.0892,0.3941,0.5075,-0.1091,0.3946,0.5294,-0.0714,0.4318,0.4802,0,0.4348,0.4641,-0.0821,0.4276,0.5157,-0.1007,0.4281,0.5355,-0.0662,0.4681,0.4972,0,0.4709,0.485,-0.0643,0.4642,0.5252,-0.0785,0.4596,0.544,-0.0471
25,open,P1,synthetic,0.4384,0.7897,0,0.4022,0.7591,0,0.3661,0.7285,0,0.3294,0.6992,0,0.2953,0.6698,0,0.3859,0.6446,0,0.3589,0.577,0,0.3464,0.5364,0,0.3341,0.5039,0,0.4219,0.6371,0,0.4159,0.5598,0,0.4096,0.5104,0,0.4054,0.4713,0,0.458,0.6416,0,0.4646,0.5743,0,0.471,0.5243,0,0.4782,0.4907,0,0.4916,0.6586,0,0.5099,0.6064,0,0.5242,0.5722,0,0.5357,0.5432,0
26,open,P2,synthetic,0.583,0.6236,0,0.5451,0.5943,0,0.51,0.5631,0,0.4755,0.5345,0,0.4401,0.5031,0,0.5285,0.4776,0,0.5062,0.416,0,0.4903,0.3756,0,0.4782,0.343,0,0.5675,0.4699,0,0.5582,0.3929,0,0.5544,0.3458,0,0.5463,0.3097,0,0.6008,0.4774,0,0.6115,0.4096,0,0.6161,0.3634,0,0.6207,0.3286,0,0.6328,0.4924,0,0.6554,0.4407,0,0.6675,0.4094,0,0.6785,0.3808,0
27,open,P3,synthetic,0.5699,0.7131,0,0.522,0.6774,0,0.4744,0.6384,0,0.4323,0.5994,0,0.3853,0.5636,0,0.5016,0.5302,0,0.471,0.4462,0,0.4501,0.3972,0,0.4362,0.3549,0,0.5484,0.5203,0,0.5391,0.4213,0,0.5294,0.3629,0,0.5244,0.3162,0,0.5921,0.5313,0,0.6044,0.4415,0,0.6097,0.3833,0,0.6152,0.342,0,0.632,0.5508,0,0.6606,0.4818,0,0.6747,0.4407,0,0.6874,0.4071,0
28,open,P4,synthetic,0.4883,0.7873,0,0.4414,0.7477,0,0.3942,0.7085,0,0.3529,0.6713,0,0.3066,0.634,0,0.4224,0.6038,0,0.3892,0.519,0,0.372,0.472,0,0.3555,0.4308,0,0.4712,0.5919,0,0.459,0.4974,0,0.4509,0.4327,0,0.4436,0.3883,0,0.5115,0.6035,0,0.5223,0.515,0,0.5306,0.4561,0,0.5366,0.4128,0,0.5511,0.6211,0,0.5761,0.5553,0,0.5958,0.5164,0,0.6083,0.4782,0
29,open,P1,synthetic,0.4647,0.6525,0,0.4252,0.6233,0,0.3942,0.5962,0,0.3574,0.5674,0,0.323,0.5377,0,0.4108,0.5134,0,0.3875,0.4496,0,0.3723,0.41,0,0.3591,0.3783,0,0.4487,0.5028,0,0.4413,0.4287,0,0.4326,0.3826,0,0.4292,0.345,0,0.4826,0.5104,0,0.4912,0.4442,0,0.4967,0.3985,0,0.4993,0.365,0,0.5134,0.5246,0,0.5351,0.4755,0,0.5476,0.4421,0,0.5578,0.416,0
30,open,P2,synthetic,0.4785,0.7308,0,0.4321,0.6932,0,0.3921,0.658,0,0.3522,0.6225,0,0.3098,0.5863,0,0.4153,0.5551,0,0.3881,0.4813,0,0.3676,0.4339,0,0.3552,0.3937,0,0.4596,0.5457,0,0.4521,0.4584,0,0.4442,0.3977,0,0.439,0.357,0,0.5019,0.5563,0,0.5125,0.4736,0,0.5201,0.4179,0,0.5215,0.3804,0,0.5387,0.5748,0,0.5637,0.5133,0,0.5798,0.4755,0,0.5901,0.4383,0
31,open,P3,synthetic,0.4405,0.6335,0,0.3924,0.5957,0,0.3463,0.5564,0,0.3015,0.5211,0,0.2551,0.4831,0,0.3729,0.4496,0,0.3395,0.3634,0,0.3211,0.3159,0,0.3059,0.2728,0,0.4203,0.4379,0,0.4091,0.339,0,0.4022,0.2793,0,0.3945,0.2304,0,0.4642,0.4489,0,0.4747,0.3581,0,0.4816,0.3011,0,0.4899,0.2563,0,0.5047,0.4693,0,0.532,0.4015,0,0.5473,0.36,0,0.5624,0.3245,0
32,open,P4,synthetic,0.5798,0.8007,0,0.5231,0.7523,0,0.47,0.7082,0,0.4167,0.6648,0,0.3639,0.6227,0,0.4992,0.5836,0,0.4627,0.4891,0,0.4413,0.4287,0,0.4216,0.382,0,0.5567,0.5732,0,0.5426,0.4589,0,0.5343,0.3863,0,0.5249,0.3309,0,0.6051,0.5817,0,0.6185,0.4785,0,0.6249,0.4115,0,0.6313,0.3628,0,0.653,0.6073,0,0.6842,0.5277,0,0.7012,0.4813,0,0.7173,0.4363,0
33,open,P1,synthetic,0.5816,0.6541,0,0.5394,0.6189,0,0.5021,0.5869,0,0.462,0.5546,0,0.4247,0.5247,0,0.5232,0.4948,0,0.4984,0.424,0,0.4815,0.3785,0,0.4674,0.3462,0,0.5655,0.4863,0,0.5546,0.4001,0,0.5478,0.3499,0,0.5441,0.3099,0,0.6054,0.4953,0,0.6147,0.4176,0,0.6189,0.3661,0,0.6223,0.3294,0,0.6389,0.5107,0,0.6601,0.4525,0,0.6757,0.4199,0,0.6864,0.3862,0
34,open,P2,synthetic,0.5172,0.63,0,0.462,0.581,0,0.4069,0.5407,0,0.3557,0.4938,0,0.3026,0.4507,0,0.4388,0.4123,0,0.4017,0.3158,0,0.3759,0.2555,0,0.3585,0.2074,0,0.4951,0.3991,0,0.4819,0.2876,0,0.4711,0.2129,0,0.466,0.1615,0,0.5452,0.4106,0,0.5569,0.3077,0,0.5671,0.2375,0,0.5737,0.188,0,0.5911,0.4337,0,0.621,0.3562,0,0.6415,0.3086,0,0.6566,0.2646,0
35,open,P3,synthetic,0.4383,0.6646,0,0.3804,0.6207,0,0.3275,0.5767,0,0.2764,0.5311,0,0.2243,0.4878,0,0.3598,0.4494,0,0.3226,0.3567,0,0.2992,0.2959,0,0.2801,0.2498,0,0.4159,0.4393,0,0.4008,0.3276,0,0.3945,0.2553,0,0.3842,0.203,0,0.4653,0.4508,0,0.477,0.3472,0,0.4867,0.2812,0,0.4916,0.2294,0,0.5132,0.4729,0,0.5422,0.3952,0,0.5605,0.3487,0,0.5743,0.3046,0
36,open,P4,synthetic,0.4573,0.7334,0,0.4055,0.6924,0,0.3587,0.651,0,0.3084,0.6099,0,0.26,0.5707,0,0.3833,0.5369,0,0.3499,0.4478,0,0.3278,0.394,0,0.3145,0.3504,0,0.4364,0.5247,0,0.4237,0.4208,0,0.4149,0.359,0,0.4084,0.3082,0,0.4822,0.536,0,0.4915,0.4401,0,0.4997,0.3791,0,0.5047,0.3336,0,0.5232,0.5581,0,0.5492,0.4874,0,0.5681,0.444,0,0.5839,0.4022,0
37,fingerTap,P1,synthetic,0.5479,0.699,0,0.4952,0.6592,0,0.4509,0.6216,0,0.404,0.5821,0,0.359,0.5441,0,0.4768,0.51,0,0.4563,0.4232,0,0.446,0.366,0,0.435,0.3219,0,0.5255,0.4995,0,0.5232,0.468,-0.0954,0.527,0.5208,-0.1331,0.5295,0.5612,-0.1048,0.5684,0.5092,0,0.5762,0.4188,0,0.579,0.3576,0,0.5856,0.3145,0,0.6123,0.5306,0,0.6287,0.4588,0,0.6351,0.4138,0,0.6463,0.3758,0
38,fingerTap,P2,synthetic,0.4015,0.6904,0,0.3482,0.6478,0,0.299,0.6057,0,0.2505,0.5631,0,0.2016,0.5229,0,0.3281,0.486,0,0.3076,0.3946,0,0.2934,0.3382,0,0.2827,0.2906,0,0.3781,0.4773,0,0.3783,0.4431,-0.1007,0.3827,0.5006,-0.1405,0.3827,0.539,-0.1106,0.4264,0.4881,0,0.432,0.391,0,0.4357,0.3271,0,0.4411,0.28,0,0.4685,0.5082,0,0.4845,0.4328,0,0.4968,0.3865,0,0.5046,0.3446,0
39,fingerTap,P3,synthetic,0.5817,0.7848,0,0.537,0.75,0,0.494,0.7144,0,0.4481,0.6789,0,0.4058,0.6409,0,0.5148,0.6106,0,0.4999,0.5295,0,0.4876,0.4788,0,0.479,0.4367,0,0.562,0.5982,0,0.5591,0.5726,-0.0881,0.5641,0.6186,-0.123,0.5676,0.6566,-0.0968,0.6046,0.6094,0,0.609,0.5263,0,0.615,0.4688,0,0.6176,0.428,0,0.6413,0.6261,0,0.6576,0.5633,0,0.6649,0.5213,0,0.6731,0.4842,0
40,fingerTap,P4,synthetic,0.5364,0.6277,0,0.4979,0.5928,0,0.4591,0.5624,0,0.4204,0.5298,0,0.3804,0.4962,0,0.4787,0.4681,0,0.4636,0.3945,0,0.4526,0.35,0,0.4467,0.3153,0,0.523,0.4591,0,0.5191,0.4355,-0.0793,0.5212,0.4777,-0.1106,0.5233,0.5119,-0.0871,0.5562,0.4698,0,0.5635,0.3928,0,0.5669,0.3446,0,0.5687,0.3059,0,0.5912,0.4863,0,0.6064,0.4271,0,0.6154,0.3895,0,0.6185,0.3585,0
41,fingerTap,P1,synthetic,0.4763,0.6729,0,0.436,0.64,0,0.3995,0.6052,0,0.3619,0.5749,0,0.3207,0.5435,0,0.419,0.5128,0,0.4053,0.442,0,0.3946,0.3967,0,0.388,0.3611,0,0.4617,0.5047,0,0.4569,0.4797,-0.0783,0.4605,0.5254,-0.1093,0.4632,0.5565,-0.0861,0.498,0.5129,0,0.5027,0.4389,0,0.5072,0.3879,0,0.5074,0.3531,0,0.5326,0.5314,0,0.5428,0.4731,0,0.5497,0.4368,0,0.558,0.4054,0
42,fingerTap,P2,synthetic,0.5231,0.7172,0,0.4697,0.6718,0,0.4221,0.6331,0,0.373,0.5912,0,0.3238,0.5519,0,0.4472,0.5169,0,0.4276,0.4215,0,0.4172,0.3644,0,0.4071,0.3199,0,0.5005,0.5054,0,0.4997,0.4714,-0.1,0.4998,0.5284,-0.1395,0.5025,0.5664,-0.1098,0.5482,0.5156,0,0.5546,0.4182,0,0.5585,0.3555,0,0.5595,0.3092,0,0.5901,0.536,0,0.6043,0.4642,0,0.6175,0.4173,0,0.6261,0.3754,0
43,fingerTap,P3,synthetic,0.4102,0.6327,0,0.3721,0.5999,0,0.3344,0.572,0,0.298,0.5437,0,0.2647,0.5107,0,0.3559,0.486,0,0.339,0.4171,0,0.3309,0.3755,0,0.3243,0.3414,0,0.3954,0.4776,0,0.3937,0.455,-0.0733,0.396,0.4963,-0.1022,0.3953,0.5257,-0.0805,0.4296,0.4844,0,0.4315,0.4135,0,0.4341,0.3697,0,0.4401,0.3355,0,0.4586,0.5023,0,0.4718,0.4461,0,0.478,0.4129,0,0.4872,0.3838,0
44,fingerTap,P4,synthetic,0.4503,0.6367,0,0.4038,0.6013,0,0.3636,0.5665,0,0.3225,0.5333,0,0.2817,0.4985,0,0.3892,0.4687,0,0.3718,0.3891,0,0.359,0.3427,0,0.354,0.3042,0,0.4318,0.4591,0,0.4277,0.4332,-0.084,0.4322,0.478,-0.1172,0.437,0.5126,-0.0923,0.4692,0.4688,0,0.4743,0.3856,0,0.4791,0.3345,0,0.4814,0.2931,0,0.508,0.4863,0,0.5202,0.4244,0,0.5274,0.3815,0,0.5351,0.3497,0
45,fingerTap,P1,synthetic,0.5557,0.6051,0,0.5,0.5596,0,0.4462,0.5149,0,0.3943,0.4709,0,0.3429,0.4278,0,0.4761,0.3859,0,0.454,0.2852,0,0.4435,0.2225,0,0.4317,0.1744,0,0.536,0.3748,0,0.5305,0.3401,-0.1091,0.535,0.4,-0.1523,0.5396,0.4442,-0.1199,0.5852,0.389,0,0.5909,0.2836,0,0.5972,0.2156,0,0.5987,0.1635,0,0.6316,0.4101,0,0.6482,0.3285,0,0.6615,0.2782,0,0.6704,0.2339,0
46,fingerTap,P2,synthetic,0.5057,0.6954,0,0.4606,0.6584,0,0.4154,0.6228,0,0.3737,0.5874,0,0.3345,0.555,0,0.4411,0.5218,0,0.4243,0.4395,0,0.4138,0.3885,0,0.4037,0.3522,0,0.4874,0.5106,0,0.4851,0.4821,-0.0875,0.4897,0.5314,-0.1222,0.4896,0.5671,-0.0962,0.5268,0.5223,0,0.5336,0.4389,0,0.5382,0.3829,0,0.5408,0.3413,0,0.5675,0.5414,0,0.5784,0.475,0,0.5878,0.4337,0,0.5963,0.3995,0
47,fingerTap,P3,synthetic,0.462,0.74,0,0.4159,0.7025,0,0.3783,0.6698,0,0.3365,0.6371,0,0.2962,0.6048,0,0.4011,0.5731,0,0.3846,0.4992,0,0.3743,0.449,0,0.3646,0.4144,0,0.4416,0.5646,0,0.4398,0.5405,-0.0825,0.4425,0.5828,-0.1151,0.4481,0.6158,-0.0906,0.4811,0.5757,0,0.4852,0.4952,0,0.491,0.4435,0,0.4921,0.4036,0,0.5173,0.5916,0,0.5323,0.531,0,0.5397,0.4911,0,0.545,0.4569,0
48,fingerTap,P4,synthetic,0.5067,0.6203,0,0.4514,0.575,0,0.4028,0.5369,0,0.3528,0.4959,0,0.3026,0.452,0,0.4306,0.4153,0,0.4109,0.3214,0,0.3969,0.2618,0,0.387,0.2166,0,0.4824,0.4056,0,0.4812,0.3725,-0.1018,0.4846,0.4278,-0.1421,0.4896,0.4711,-0.1119,0.53,0.4177,0,0.5394,0.3181,0,0.5421,0.2537,0,0.5438,0.2082,0,0.5776,0.4364,0,0.5923,0.361,0,0.6024,0.3147,0,0.6114,0.2723,0
49,point,P1,synthetic,0.5217,0.6488,0,0.4692,0.6084,0,0.438,0.5802,-0.0464,0.4421,0.587,-0.1085,0.4779,0.6191,-0.1452,0.4475,0.4541,0,0.4277,0.3628,0,0.4162,0.3029,0,0.4076,0.2602,0,0.4996,0.4431,0,0.4995,0.424,-0.1025,0.5028,0.4848,-0.1253,0.5039,0.5121,-0.082,0.5443,0.4546,0,0.5472,0.4354,-0.0943,0.5412,0.4934,-0.1157,0.5395,0.518,-0.076,0.5874,0.4721,0,0.5902,0.4604,-0.0738,0.5803,0.5039,-0.0902,0.5793,0.527,-0.0541
50,point,P2,synthetic,0.5253,0.7634,0,0.4699,0.7196,0,0.4363,0.6878,-0.051,0.4388,0.6949,-0.1193,0.4829,0.7298,-0.1596,0.4461,0.5456,0,0.4258,0.4455,0,0.412,0.3825,0,0.4028,0.3355,0,0.5033,0.5364,0,0.5028,0.5168,-0.1126,0.5075,0.5842,-0.1377,0.509,0.6129,-0.0901,0.554,0.5466,0,0.5554,0.5286,-0.1036,0.5511,0.5941,-0.1271,0.5499,0.617,-0.0835,0.6011,0.5681,0,0.6038,0.5539,-0.0811,0.5962,0.605,-0.0991,0.5893,0.6276,-0.0595
51,point,P3,synthetic,0.458,0.7387,0,0.4019,0.6959,0,0.3665,0.6646,-0.0499,0.3722,0.6721,-0.1166,0.4144,0.7069,-0.156,0.3778,0.5256,0,0.3569,0.4268,0,0.3459,0.366,0,0.3333,0.3211,0,0.4331,0.5176,0,0.4337,0.496,-0.1101,0.4372,0.5625,-0.1346,0.4409,0.5892,-0.0881,0.4841,0.5261,0,0.4825,0.5078,-0.1013,0.4804,0.571,-0.1243,0.4798,0.5986,-0.0816,0.5309,0.5507,0,0.5321,0.5353,-0.0793,0.5212,0.5836,-0.0969,0.5174,0.6031,-0.0581
52,point,P4,synthetic,0.522,0.719,0,0.485,0.69,0,0.4576,0.6674,-0.0355,0.4647,0.6713,-0.0829,0.4926,0.6953,-0.111,0.4665,0.5707,0,0.4521,0.497,0,0.4428,0.4545,0,0.4363,0.4199,0,0.5068,0.5612,0,0.5079,0.5453,-0.0783,0.5086,0.5961,-0.0958,0.5108,0.6153,-0.0627,0.5426,0.5681,0,0.5431,0.5576,-0.0721,0.5414,0.6024,-0.0884,0.5383,0.6169,-0.0581,0.5759,0.5843,0,0.5768,0.5742,-0.0564,0.5709,0.6098,-0.0689,0.5661,0.6227,-0.0414
53,point,P1,synthetic,0.4208,0.7438,0,0.3789,0.7102,0,0.3537,0.6872,-0.0362,0.3594,0.6903,-0.0847,0.3878,0.7176,-0.1133,0.3648,0.5874,0,0.3468,0.5178,0,0.3393,0.4716,0,0.332,0.4354,0,0.4028,0.5797,0,0.4025,0.5634,-0.08,0.4081,0.6125,-0.0978,0.4069,0.6338,-0.064,0.4405,0.5889,0,0.4419,0.5764,-0.0736,0.4366,0.6185,-0.0903,0.4354,0.639,-0.0593,0.4728,0.6021,0,0.4782,0.595,-0.0576,0.4681,0.6295,-0.0704,0.4644,0.6431,-0.0422
54,point,P2,synthetic,0.4759,0.602,0,0.4258,0.5576,0,0.3909,0.5335,-0.0463,0.3972,0.5362,-0.1083,0.4369,0.5678,-0.1449,0.4048,0.4038,0,0.3833,0.3127,0,0.3727,0.2567,0,0.3635,0.2112,0,0.4551,0.3946,0,0.4537,0.375,-0.1023,0.4587,0.4384,-0.125,0.4602,0.4633,-0.0819,0.502,0.4029,0,0.5018,0.3867,-0.0941,0.4965,0.4466,-0.1154,0.4959,0.4694,-0.0758,0.5437,0.4245,0,0.5486,0.4129,-0.0737,0.5363,0.4543,-0.09,0.5335,0.4773,-0.054
55,point,P3,synthetic,0.452,0.6677,0,0.41,0.6317,0,0.3856,0.6126,-0.0381,0.388,0.6147,-0.089,0.4198,0.6411,-0.1191,0.3946,0.5061,0,0.378,0.4284,0,0.3662,0.3846,0,0.3599,0.3468,0,0.4382,0.4973,0,0.4354,0.4804,-0.084,0.4383,0.5324,-0.1027,0.4417,0.5527,-0.0672,0.4724,0.5042,0,0.4735,0.4906,-0.0773,0.4714,0.5391,-0.0948,0.4698,0.5561,-0.0623,0.5085,0.5237,0,0.5128,0.511,-0.0605,0.505,0.5475,-0.0739,0.5014,0.5646,-0.0444
56,point,P4,synthetic,0.5246,0.6366,0,0.4735,0.5938,0,0.4437,0.5695,-0.0452,0.4486,0.5746,-0.1056,0.4851,0.603,-0.1413,0.4553,0.4435,0,0.4337,0.3537,0,0.4224,0.2974,0,0.4148,0.2538,0,0.5039,0.4327,0,0.5017,0.4146,-0.0997,0.5055,0.4766,-0.1219,0.5109,0.4992,-0.0798,0.55,0.442,0,0.5481,0.4289,-0.0918,0.5464,0.4828,-0.1125,0.5448,0.507,-0.0739,0.5894,0.4639,0,0.5938,0.4504,-0.0718,0.5844,0.4944,-0.0877,0.5796,0.5148,-0.0527
57,point,P1,synthetic,0.4706,0.7324,0,0.4169,0.6872,0,0.3821,0.6612,-0.0489,0.3884,0.6645,-0.1142,0.427,0.6994,-0.1529,0.3923,0.5226,0,0.3739,0.4253,0,0.3614,0.367,0,0.35,0.3203,0,0.4496,0.5123,0,0.4473,0.4918,-0.1079,0.4507,0.5584,-0.1319,0.4544,0.587,-0.0863,0.4956,0.5242,0,0.4966,0.5079,-0.0993,0.4926,0.5673,-0.1218,0.4935,0.5904,-0.08,0.5445,0.5442,0,0.5463,0.5332,-0.0777,0.5378,0.5765,-0.0949,0.5311,0.5989,-0.057
58,point,P2,synthetic,0.4536,0.7029,0,0.4116,0.6696,0,0.3849,0.648,-0.0376,0.3902,0.6535,-0.0879,0.4202,0.6781,-0.1177,0.3945,0.545,0,0.3795,0.4673,0,0.366,0.4239,0,0.3606,0.3875,0,0.4341,0.5356,0,0.4366,0.5194,-0.0831,0.4363,0.571,-0.1015,0.4406,0.5922,-0.0665,0.4719,0.5443,0,0.4744,0.5314,-0.0764,0.4691,0.5781,-0.0937,0.4706,0.5942,-0.0616,0.5081,0.5609,0,0.5124,0.5516,-0.0598,0.5017,0.5845,-0.0731,0.4983,0.602,-0.0439
59,point,P3,synthetic,0.4247,0.6047,0,0.369,0.556,0,0.3343,0.5299,-0.0502,0.339,0.5331,-0.1173,0.3791,0.568,-0.157,0.346,0.3874,0,0.3234,0.2909,0,0.309,0.2278,0,0.3024,0.1782,0,0.4021,0.3773,0,0.3996,0.3588,-0.1108,0.4039,0.4253,-0.1354,0.4068,0.4537,-0.0887,0.451,0.3878,0,0.4535,0.3699,-0.1019,0.4486,0.4362,-0.125,0.447,0.4583,-0.0822,0.4965,0.411,0,0.5018,0.3962,-0.0798,0.4904,0.4472,-0.0975,0.4861,0.4674,-0.0585
60,point,P4,synthetic,0.578,0.6684,0,0.5325,0.6313,0,0.5006,0.6089,-0.0416,0.5059,0.6132,-0.0974,0.5421,0.6387,-0.1303,0.5132,0.49,0,0.4961,0.4077,0,0.4847,0.3582,0,0.4746,0.3196,0,0.5582,0.4832,0,0.5571,0.465,-0.092,0.5627,0.5228,-0.1124,0.5623,0.5447,-0.0736,0.6004,0.4897,0,0.5992,0.4785,-0.0846,0.5955,0.5293,-0.1038,0.596,0.5504,-0.0682,0.6377,0.5091,0,0.6426,0.5,-0.0662,0.6332,0.5369,-0.0809,0.6302,0.5581,-0.0486
